Accuracy,StepsNum,SAGA,Method
0.7233333333333334,1,False,NADAM
0.768,2,False,NADAM
0.757,5,False,NADAM
0.59,2,False,NADAM
0.7586666666666667,2,False,NADAM
0.7363333333333333,2,False,NADAM
0.7606666666666667,2,False,NADAM
0.674,1,False,NADAM
0.7426666666666667,1,False,NADAM
0.7886666666666666,10,False,NADAM
0.7377777777777778,1,False,NADAM
