Accuracy,StepsNum,SAGA,Method
0.9592222222222222,1,False,NADAM
0.9993333333333333,2,False,NADAM
1.0,5,False,NADAM
0.7103333333333334,2,False,NADAM
0.9924444444444445,2,False,NADAM
0.9873333333333333,2,False,NADAM
0.9934444444444445,2,False,NADAM
0.8973333333333333,1,False,NADAM
0.9347777777777778,1,False,NADAM
1.0,10,False,NADAM
0.9507619047619048,1,False,NADAM
