Accuracy,StepsNum,SAGA,Method
0.44177777777777777,100,False,NADAM
0.9083333333333333,500,False,NADAM
