Accuracy,StepsNum,SAGA,Method
0.7570621468926554,5000,False,NADAM
0.7570621468926554,5,False,NADAM
0.768361581920904,25,False,NADAM
0.768361581920904,125,False,NADAM
0.768361581920904,125,False,NADAM
0.768361581920904,10,False,NADAM
0.768361581920904,100,False,NADAM
