Accuracy,StepsNum,SAGA,Method
0.7937511980065172,10000,True,NADAM
0.8125359401955147,500,False,NADAM
0.8261452942304006,1000,False,NADAM
0.8021851638872916,100,False,NADAM
0.8163695610504121,500,False,NADAM
