Accuracy,StepsNum,SAGA,Method
0.8571428571428571,1000,True,NADAM
0.8192419825072886,1000,True,NADAM
0.8192419825072886,1000,True,NADAM
0.8542274052478134,1000,True,NADAM
0.8658892128279884,500,False,NADAM
0.8862973760932945,1000,False,NADAM
0.8425655976676385,200,False,NADAM
0.8658892128279884,500,False,ADADELTA
0.8629737609329446,500,False,NADAM
