Accuracy,StepsNum,SAGA,Method
0.8430232558139535,1000,True,NADAM
0.8333333333333334,1000,True,NADAM
0.8333333333333334,1000,True,NADAM
0.8643410852713178,1000,True,NADAM
0.8846899224806202,500,False,NADAM
0.8788759689922481,1000,False,NADAM
