Accuracy,StepsNum,SAGA,Method
0.8430232558139535,1000,True,NADAM
0.8333333333333334,1000,True,NADAM
0.8333333333333334,1000,True,NADAM
0.8643410852713178,1000,True,NADAM
