Accuracy,StepsNum,SAGA,Method
0.950595238095238,500,False,RMSPROP
0.9542857142857143,500,False,RMSPROP
0.9386904761904762,200,False,NADAM
0.9557142857142857,500,False,NADAM
0.9577380952380953,1000,False,NADAM
0.92,200,False,NADAM
0.8405952380952381,100,False,NADAM
0.9215476190476191,200,False,NADAM
0.92,200,False,NADAM
0.92,200,False,NADAM
0.9575,1000,False,NADAM
0.92,200,False,NADAM
