Accuracy,StepsNum,SAGA,Method
0.9844047619047619,500,False,RMSPROP
0.9900793650793651,500,False,RMSPROP
0.9589285714285715,200,False,NADAM
0.9925793650793651,500,False,NADAM
0.9999603174603174,1000,False,NADAM
0.9365079365079365,200,False,NADAM
