Accuracy,EpochsNum,SAGA,Replacement,Method,ExecutionTime,NetworkConfig,LambdaL1,LambdaL2
0.9970501474926253,10,False,False,NADAM,0:00:00.702123,"[128, 128]",0.0,0
0.9941002949852508,10,False,False,NADAM,0:00:01.168877,"[22, 128, 256]",0.01,0
0.9734513274336283,100,True,False,NADAM,0:00:04.093057,"[22, 22]",0.0,0.0
0.9203539823008849,10,True,False,NADAM,0:00:00.428853,"[22, 22]",0.0,0.0
0.9528023598820059,100,True,False,ADAM,0:00:04.010278,"[22, 22]",0.0,0.0
0.9528023598820059,100,True,False,RMSPROP,0:00:03.815799,"[22, 22]",0.0,0.0
0.5811209439528023,100,True,False,ADAGRAD,0:00:03.789836,"[22, 22]",0.0,0.0
0.45132743362831856,100,True,False,DIMINISHING,0:00:03.743989,"[22, 22]",0.0,0.0
