Accuracy,StepsNum,SAGA,Method
6.111444787595729,10000,True,NADAM
23.04532731977306,500,False,NADAM
7.031339625289844,1000,False,NADAM
5.364008197467301,2000,False,NADAM
126.4554790909984,100,False,NADAM
7.031339625289844,1000,False,NADAM
4.070678810398717,10000,False,NADAM
