Accuracy,StepsNum,SAGA,Method
0.5071674311926605,10000,True,NADAM
0.9194380733944955,10000,True,NADAM
0.5071674311926605,10000,True,NADAM
0.9071100917431193,10000,True,NADAM
