Accuracy,StepsNum,SAGA,Method
0.5005732849226066,10000,True,NADAM
0.9205044907318938,10000,True,NADAM
0.5005732849226066,10000,True,NADAM
0.9079877699216511,10000,True,NADAM
0.9228931779094209,500,False,RMSPROP
0.9360787311293713,1000,False,RMSPROP
0.9396139881521116,500,False,NADAM
