Accuracy,StepsNum,SAGA,Method
0.5005732849226066,10000,True,NADAM
0.9205044907318938,10000,True,NADAM
0.5005732849226066,10000,True,NADAM
0.9079877699216511,10000,True,NADAM
