Accuracy,StepsNum,SAGA,Method
128.20680492001452,1000,False,NADAM
127.7579516375732,500,False,NADAM
130.7337105902126,75,False,NADAM
50.2085731493482,7500,False,NADAM
131.96373333410583,75,False,NADAM
79.42180458198943,750,False,NADAM
60.766938164328124,1000,False,NADAM
69.39840166651383,1500,False,NADAM
