Accuracy,StepsNum,SAGA,Method
128.20680492001452,1000,False,NADAM
127.7579516375732,500,False,NADAM
