Accuracy,EpochsNum,SAGA,Replacement,Method,ExecutionTime,NetworkConfig,LambdaL1,LambdaL2

108.59698446973968,1000,True,False,NADAM,0:00:12.801746,"[6, 6]",0.0,0.0
165.66550129611957,1000,True,False,ADAM,0:00:12.100651,"[6, 6]",0.0,0.0
102.30180481710168,1000,True,False,ADADELTA,0:00:45.792776,"[6, 6]",0.0,0.0
302.79891130769926,1000,True,False,ADAGRAD,0:00:11.444414,"[6, 6]",0.0,0.0
135.83836961664701,1000,True,False,RMSPROP,0:00:11.714752,"[6, 6]",0.0,0.0
306.34790531826695,1000,True,False,DIMINISHING,0:00:11.359637,"[6, 6]",0.0,0.0
