Accuracy,StepsNum,SAGA,Method
101.17164873423636,1000,False,NADAM
105.61347793661275,500,False,NADAM
