Accuracy,StepsNum,SAGA,Method
101.17164873423636,1000,False,NADAM
105.61347793661275,500,False,NADAM
104.92269044501387,75,False,NADAM
38.39120768130619,7500,False,NADAM
104.05257526500883,75,False,NADAM
62.09722147258643,750,False,NADAM
43.44933355662944,1000,False,NADAM
50.089183505132624,1500,False,NADAM
