Accuracy,StepsNum,SAGA,Method
480678.26713477843,25,False,NADAM
403353.91827291274,100,False,NADAM
