Accuracy,StepsNum,SAGA,Method
485486.70107130654,500,False,NADAM
562470.6498304207,1000,False,NADAM
430797.45730590436,750,False,NADAM
579440.6872258238,745,False,NADAM
445181.23582658643,2000,False,NADAM
401447.83681692375,2000,False,NADAM
433431.26554016036,1000,False,NADAM
510591.11452072096,1000,False,NADAM
710862.1728879495,1000,False,NADAM
961984.4868777342,1000,False,NADAM
769749.4325538138,2500,False,NADAM
