Accuracy,StepsNum,SAGA,Method
665264519.236856,2000,False,NADAM
1290437977.415713,100,False,NADAM
