Accuracy,StepsNum,SAGA,Method
31357275.48250023,2000,False,NADAM
102849489.5094923,100,False,NADAM
