Accuracy,StepsNum,SAGA
11906088717.676527,3000,True
11224265015.77369,100000,True
11837434752.32207,10000,True
