Accuracy,StepsNum,SAGA
12057114178.573523,3000,True
11250944844.1827,100000,True
11844264325.24431,10000,True
